Key,English,Japanese,Korean,ChineseSimplified,ChineseTraditional
// 코멘트,,,,,
editor.common.empty_object,Empty Object,,"빈
오브젝트",,
editor.common.script,Script,,스크립트,,
editor.common.label.commandbar,Command Bar,,커맨드 바,,
editor.ribbon.label.basicwindow,Basic Window,,기본 윈도우,,
editor.ribbon.label.layout,Layout,,레이아웃,,
editor.ribbon.label.uiedit,UI Edit,,UI 편집,,
editor.ribbon.label.visualscript,Visual Script,,비주얼 스크립트,,
editor.ribbon.label.createvariable,Create Variable,,변수 생성,,
editor.ribbon.label.devicemanage,Manage Devices,,장치 관리,,
editor.ribbon.label.createnewdevice,New Device,,새 장치,,
editor.ribbon.label.createnewscene,New Scene,,새 씬,,
editor.ribbon.label.gamemanage,Manage Games,,게임 관리,,
editor.ribbon.label.foldermanage,Manage Folders,,폴더 관리,,
editor.ribbon.label.resourcemanage,Manage Resources,,리소스 관리,,
editor.ribbon.label.deviceEdit,Device Edit,,장치 편집,,
editor.branchblockdrawer.if,If,,If,,
editor.branchblockdrawer.then,Then,,Then,,
editor.tools.transform.select,View,,화면 이동,,
editor.tools.transform.move,Move,,이동,,
editor.tools.transform.rotate,Rotate,,회전,,
editor.tools.transform.scale,Scale,,크기,,
editor.tools.transform.rect,Rect,,사각형,,
editor.tools.focus,Focus,,포커스,,
editor.tools.snap,Snap,,스냅,,
editor.tools.snap.snaptofloor,Snap to Floor,,바텀 스냅 모드,,
editor.tools.snap.meshsnap,Mesh Snap,,메시 스냅 모드,,
editor.tools.importpackage,Import VPackage,,V패키지 임포트,,
editor.tools.importasset,Import New Asset,,새로운 애셋 임포트,,
editor.tools.exportpackage,Export VPackage,,V패키지 익스포트,,
editor.common.export,Export,,익스포트,,
editor.common.import,Import,,임포트,,
editor.common.view,View,,보기,,
editor.common.variable,Variable,,변수,,
editor.common.unityobject,Unity Object,,유니티 오브젝트,,
editor.common.emptyunityobject,Empty Unity Object,,빈 유니티 오브젝트,,
editor.common.effect,Effect,,이펙트,,
editor.common.createasset,Create Asset,,애셋 생성,,
editor.common.world,World,,월드,,
editor.common.window,Window,,윈도우,,
editor.common.pause,Pause,,일시 정지,,
editor.common.nextstep,Next Step,,다음 스텝,,
editor.common.basicshape,Basic Shape,,기본 도형,,
editor.common.edit,Edit,,편집,,
editor.common.tools,Tools,,도구,,
editor.common.clipboard,Clipboard,,클립보드,,
editor.common.cut,Cut,,잘라내기,,
editor.common.home,Home,,홈,,
editor.common.undo,Undo,,작업 취소,,
editor.common.redo,Redo,,다시 실행,,
editor.common.min,Min,,최소,,
editor.common.max,Max,,최대,,
editor.common.tag,Tag,,태그,,
editor.common.layer,Layer,,레이어,,
editor.common.addluabehaviour,Add Lua Behavior,,루아 추가,,
editor.common.back,Back,,뒤로가기,,
editor.common.broadcasting,Broadcasting,,브로드캐스팅,,
editor.common.EventChainGraph,Event Chain Graph,,이벤트 체인 그래프,,
editor.common.vScene,Scene,,씬,,
editor.common.Play,Play,,플레이,,
editor.common.propdevice,Prop Device,,프랍,,
editor.common.PreviewScene,Preview Scene,,"현재 씬
미리보기",,
editor.common.PreviewPublishGame,Preview Game,,출판 게임 미리보기,,
editor.common.reset,Reset,,초기화,,
editor.common.GamePlay,Preview Game,,출판 게임 미리보기,,
editor.common.PreviewStop,Preview Stop,,현재 씬 플레이 종료,,
editor.common.Stop,Game Stop,,플레이 종료,,
editor.common.cancel,Cancel,,취소,,
editor.common.copy,Copy,,복사,,
editor.common.create,Create,,생성,,
editor.common.createemptygameobject,Create Empty GameObject,,빈 게임 오브젝트 생성,,
editor.common.data,Data,,데이터,,
editor.common.delete,Delete,,삭제,,
editor.common.device,Device,,장치,,
editor.common.device_data,Device Data,,장치 데이터,,
editor.common.device_info,Device Info,,장치 정보,,
editor.common.direct_event,Direct Event,,직접 이벤트,,
editor.common.directorcamera,Director Camera,,연출 카메라,,
editor.common.display_label,Display Label,,레이블 표시,,
editor.common.duplicate,Duplicate,,복제,,
editor.common.erroe.pathnotfound,The specified folder could not be found.\nSwitching to an alternative path.\n,,지정된 폴더를 찾을 수 없음. 다른 경로로 변경하세요,,
editor.common.error,Error,,에러,,
editor.common.close,Close,,닫기,,
editor.common.game,Game,,게임,,
editor.common.gameflow,Game Flow,,게임 플로우,,
editor.common.theme,Theme,,테마,,
editor.common.key_event,Key Event,,키 이벤트,,
editor.common.location,Location,,위치,,
editor.common.matching,Match,,매칭,,
editor.common.animation,Animation,,애니메이션,,
editor.common.menu.animator,Animator,,애니메이터,,
editor.common.menu.animationparametor,Animation Parameter,,애니메이션 파라미터,,
editor.common.menu.veditor,Editor,,에디터,,
editor.common.menu.visualscriptdebugger,Visual Script Debugger,,비주얼 스크립트 디버거,,
editor.common.menu.languagesetting,Language Settings,,언어,,
editor.common.menu.veditor.event_chain_editor,Event Chain Editor,,이벤트 체인 에디터,,
editor.common.menu.veditor.game_setting,Game Settings,,게임 설정,,
editor.common.menu.veditor.palette,Palette,,팔레트,,
editor.common.menu.veditor.reload_layout,Reset Layout,,레이아웃 재설정,,
editor.common.menu.veditor.selectlayout,Select Layout,,레이아웃  선택,,
editor.common.menu.veditor.default,Default,,기본형,,
editor.common.menu.veditor.horizontal,Horizontal,,가로형,,
editor.common.menu.veditor.vertical,Vertical,,세로형,,
editor.common.menu.editor.layout.2x3,2X3,,2X3,,
editor.common.menu.editor.layout.4Split,4 Split,,4분할,,
editor.common.menu.editor.layout.save_layout,Save Layout,,레이아웃 저장,,
editor.common.menu.editor.layout.load_layout,Load Layout,,레이아웃 불러오기,,
editor.common.menu.veditor.vhierarchy,Hierarchy,,계층 구조,,
editor.common.menu.veditor.vinspector,Inspector,,인스펙터,,
editor.common.menu.veditor.visualscript_debugger,Visual Script Debugger,,비주얼스크립트 디버거,,
editor.common.menu.veditor.vscene,Scene,,씬,,
editor.common.luascript,Lua Script,,루아스크립트,,
editor.common.instruction,Instruction,,인스트럭션,,
editor.common.trigger,Trigger,,트리거,,
editor.common.gimmick,Gimmick Device,,기믹장치,,
editor.common.common,Common Device,,일반 장치,,
editor.common.saveascustom,Save as Custom,,커스텀으로 저장,,
editor.common.scene,Scene,,씬,,
editor.common.folder,Folder,,폴더,,
editor.common.move_down,Move Down,,아래로 이동,,
editor.common.move_up,Move Up,,위로 이동,,
editor.common.name,Name,,이름,,
editor.common.none,None,,없음,,
editor.common.vdata,Data,,데이터,,
editor.common.ok,OK,,확인,,
editor.common.open,Open,,열기,,
editor.common.paste,Paste,,붙여넣기,,
editor.common.pathobject,Path Object,,패스 오브젝트,,
editor.common.player,Player,,플레이어,,
editor.common.playerspawnpoint,Player Spawn Point,,플레이어 스폰 포인트,,
editor.common.propobject,Prop,,프랍,,
editor.common.rename,Rename,,이름 변경,,
editor.common.result,Result,,결과,,
editor.common.datastore,Data Store,,데이터 스토어,,
editor.common.datasheet,Data Sheet,,데이터 시트,,
editor.common.StarCraftingsystem,Star Crafting System,,별 제작 시스템,,
editor.common.viewreadonly,Read Only,,읽기 전용,,
editor.common.round,Round,,라운드,,
editor.common.save,Save,,저장,,
editor.common.saveascustomdevice,Save as Custom Device,,커스텀 장치로 저장,,
editor.common.scene_info,Scene Info,,씬 정보,,
editor.common.select,Select,,선택,,
editor.common.stage,Stage,,스테이지,,
editor.common.selectstage,Select Stage,,스테이지 선택,,
editor.common.transform,Transform,,트랜스폼,,
editor.common.type,Type,,타입,,
editor.common.target,Target,,대상,,
editor.common.value,Value,,값,,
editor.common.material,Material,,머티리얼,,
editor.common.vobject,VObject,,오브젝트,,
editor.common.playerdata,Player Data,,플레이어 데이터,,
editor.commongizmo_info,Gizmo Icon,,기즈모 아이콘,,
editor.devicevo.pathobject,Path Object,,패스 오브젝트,,
editor.devicevo.vtransform,Transform,,V트랜스폼,,
editor.devicevo.label.connect,Connect,,연결,,
editor.devicevo.label.v_event_type,V Event Type,,이벤트 타입,,
editor.devicevo.lable.receive_event,Receive Event,,이벤트 받기,,
editor.devicevo.lable.send_event,Send Event,,이벤트 보내기,,
editor.devicevo.option.event_type.internal_broadcasting,Internal Broadcasting,,내부 브로드캐스팅,,
editor.devicevo.lable.isofficial,Is Official,,공식장치 여부,,
editor.devicevo.lable.paletteicon,Palette Icon,,팔레트 아이콘,,
editor.devicevo.lable.palettinfo,Palette Info,,팔레트 정보,,
editor.toolbar.quickbind.label.quickbind,Quick Bind,,연결 보기,,
editor.toolbar.quickbind.label.all,All,,모두 보기,,
editor.toolbar.quickbind.label.event,Event,,이벤트,,
editor.toolbar.quickbind.label.parentchild,Parent-Child,,계층관계,,
editor.directorcamera.label.arrival_delay,Arrival Delay,,지연시간,,
editor.directorcamera.label.camera_end_type,Camera End Type,,카메라 종료 방식,,
editor.directorcamera.label.camera_sustain_time,Camera Sustain Time,,카메라 유지 시간,,
editor.directorcamera.label.clip_plane,Clip Plane,,클립 평면,,
editor.directorcamera.label.current_position,Current Position,,현재 위치,,
editor.directorcamera.label.far,Far,,원거리,,
editor.directorcamera.label.finish_recover_type,Finish Recovery Type,,복귀 동작 방식,,
editor.directorcamera.label.fov,FOV,,시야각,,
editor.directorcamera.label.look_at_forward_on_path,Look Along Path,,진행 방향 보기,,
editor.directorcamera.label.look_at_target,Look at Target,,바라볼 대상,,
editor.directorcamera.label.near,Near,,근거리,,
editor.directorcamera.label.path_length,Path Length,,경로 길이,,
editor.directorcamera.label.pitch_angle,Camera Pitch Angle,,피치,,
editor.directorcamera.label.preview,Preview,,미리보기,,
editor.directorcamera.label.roll,Roll,,롤,,
editor.directorcamera.label.speed,Speed,,속도,,
editor.directorcamera.label.target,Target,,대상,,
editor.directorcamera.label.waypoints,Waypoints,,웨이포인트,,
editor.directorcamera.label.yaw_angle,Camera Yaw Angle,,요,,
editor.directorcamera.option.camera_end_type.return_to_another_camera,Return to Another Camera,,다른 카메라로 복귀,,
editor.directorcamera.option.camera_end_type.return_to_player,Return to Player,,플레이어로 복귀,,
editor.directorcamera.option.camera_sustain_time.infinity,Infinity,,무한,,
editor.directorcamera.option.camera_sustain_time.time_value,Time Value,,시간에 따라,,
editor.directorcamera.option.finish_recover_type.keep_state,Keep State,,상태 유지,,
editor.directorcamera.option.finish_recover_type.recover_state,Recover State,,상태 복구,,
editor.directorcamera.option.type.dolly_cam,Dolly Camera,,돌리 카메라,,
editor.directorcamera.option.type.fixed_cam,Fixed Camera,,고정 카메라,,
editor.directorcameraoption..camera_sustain_time.by_camera_path,By Camera Path,,카메라 패스에 따라,,
editor.environment.environment,Environment Settings,,환경설정,,
editor.environment.othersettings,Other Settings,,기타 설정,,
editor.flowvo.button.add_connection,Add Connection,,연결 추가,,
editor.flowvo.button.add_event,Add Event,,이벤트 추가,,
editor.flowvo.button.add_sequence,Add Sequence,,시퀀스 추가,,
editor.flowvo.label.connection,Connection,,연결,,
editor.flowvo.label.event_name,Event Name,,이벤트 이름,,
editor.flowvo.label.event_type,Event Type,,이벤트 타입,,
editor.flowvo.label.sequence_end_type,Sequence End Type,,시퀀스 종료 방식,,
editor.flowvo.label.sequencesetting,Sequence Settings,,시퀀스 설정,,
editor.flowvo.label.sequencename,Sequence Name,,시퀀스 이름,,
editor.flowvo.label.time,Time,,시간,,
editor.flowvo.lable.end_game,End Game,,게임 종료,,
editor.flowvo.lable.opening,Opening,,오프닝,,
editor.flowvo.lable.player_entry,Player Entry,,플레이어 입장,,
editor.flowvo.lable.playing,Playing,,플레이 중,,
editor.flowvo.option.end_type.by_event,End by Event,,이벤트로 종료,,
editor.flowvo.option.end_type.by_time,End by Time,,시간으로 종료,,
editor.uiservice.label.control,Control,,컨트롤,,
editor.uiservice.label.stageinfo,Stage Info,,스테이지 정보,,
editor.uiservice.label.playerplate,Player Plate,,플레이어 정보,,
editor.uiplayercontrolbuttonvo.label.showuiatstart,Show UI at Start,,시작 시 UI 표시,,
editor.uiplayercontrolbuttonvo.label.usetobutton,Use Button,,버튼 사용,,
editor.globalvolume.bloom,Bloom,,블룸,,
editor.globalvolume.coloradjustments,Color Adjustments,,컬러 조정,,
editor.globalvolume.Scatter,Scatter,,흐트러짐,,
editor.globalvolume.contrast,Contrast,,대비,,
editor.globalvolume.saturation,Saturation,,채도,,
editor.cameraservice.label.cameraoption,Camera Options,,카메라 옵션,,
editor.cameraservice.label.StartCamera,Start Camera,,시작 카메라,,
editor.rendersettingvo.label.skyboxmaterial,Skybox Material,,스카이 박스 머티리얼,,
editor.rendersettingvo.label.lightflare,Light Flare,,라이트 플레어,,
editor.menu.label.project_setting,Project Settings,,프로젝트  설정,,
editor.menu.label.buildbundle,Build Bundle,,빌드 번들,,
editor.menu.label.eventchaineditor,Event Chain Editor,,이벤트 체인 에디터,,
editor.menu.label.gameframeworkbundle,Game Framework Bundle,,게임 프레임워크 번들,,
editor.menu.label.publish,Publish,,출판,,
editor.menu.label.datamanager,Manage Data,,데이터 관리,,
editor.sequencedrawer.currentsequence,Current Sequence,,현재 시퀀스,,
editor.sequencedrawer.sequencedata,Sequence Data,,시퀀스 데이터,,
editor.spawnpoint.label.appearance_type,Appearance Type,,등장 타입,,
editor.spawnpoint.label.player_setting_data,Player Setting Data,,플레이어 설정 데이터,,
editor.spawnpoint.label.set_as_start_point,Set as Start Point,,시작 위치로 설정,,
editor.spawnpoint.label.spawn_range_radius,Spawn Radius,,스폰 반경,,
editor.spawnpoint.label.spawn_type,Spawn Type,,스폰 타입,,
editor.spawnpoint.option.appearance_type.balloon_glide,Balloon Glide Entry,,풍선 활강 등장,,
editor.spawnpoint.option.appearance_type.holding_balloon,Holding Balloon Entry,,풍선 들고 등장,,
editor.spawnpoint.option.spawn_type.neutral,Neutral,,중립,,
editor.spawnpoint.option.spawn_type.team_color,Team Color,,팀 컬러,,
editor.window.button.palette.addfavorite,Add to Favorites,,즐겨찾기  추가,,
editor.starcrafting.lable.starcrafting_data,StarCrafting Data,,별 교환 데이터,,
editor.team.label.option,Option,,옵션,,
editor.teamservice.label.option,Option,,옵션,,
editor.teamservice.label.distributiontype,Distribution Type,,분배방식,,
editor.teamservice.label.keeppreviousteam,Keep Previous Team,,이전 팀 유지,,
editor.teamvo.label.teamname,Team Name,,팀 이름,,
editor.teamvo.label.teamcolor,Team Color,,팀 색상,,
editor.teamvo.label.teammembers,Team Members,,팀원 수,,
editor.window.button.add_character,Add Character,,캐릭터 추가,,
editor.window.button.add_data,Add Data,,데이터 추가,,
editor.window.button.add_item,Add Item,,아이템 추가,,
editor.window.button.add_list,Add List,,리스트 추가,,
editor.window.button.newstage.createstage,Create Stage,,스테이지 생성,,
editor.window.button.addstage,Add Stage,,스테이지 추가,,
editor.window.button.addround,Add Round,,라운드 추가,,
editor.window.button.addcomponent,Add Component,,컴포넌트 추가,,
editor.window.context.palette.create_device,Create Device,,디바이스 생성,,
editor.window.context.palette.create_folder,Create Folder,,폴더 생성,,
editor.window.context.palette.create_lua_script,Create Lua Script,,루아 애셋 생성,,
editor.window.context.palette.create_prop,Create Prop,,프롭 생성,,
editor.window.context.palette.create_scene,Create Scene,,씬 생성,,
editor.window.context.palette.create_material,Create Material,,머티리얼  생성,,
editor.window.context.palette.createdevice.common_device,Common Device,,일반 장치,,
editor.window.context.palette.createdevice.gimmick_device,Gimmick Device,,기믹 장치,,
editor.window.label.language_setting.editor_language,Editor Language,,에디터 언어,,
editor.window.label.language_setting.game_language,Game Language,,게임 언어,,
editor.window.label.language_setting.source_language,Source Language,,게임 제작 언어,,
editor.window.label.language_setting.native_language,UI Display Language,,UI 표시 언어,,
editor.window.label.language_setting.support_Language,Supported Languages,,지원 언어,,
editor.window.label.game_setting.game.game_scene,Game Scene,,게임 씬,,
editor.window.label.game_setting.game.desc,The game scene is automatically set to the scene currently open in the editor.,,게임 씬은 어디터에 오프한 씬을 자동으로 설정합니다.,,
editor.window.label.game_setting.game.scene_asset,Scene Asset,,씬 에셋,,
editor.window.label.game_setting.game.scene_data,Scene Data,,씬 데이터,,
editor.window.label.game_setting.game.open_scene,Open Scene,,씬 열기,,
editor.window.label.game_setting.game.AdditionalRecruitment ,Additional Recruitment Time,,추가 인원 모집 시간,,
editor.window.label.game_setting.game.MaxPlayerCount,Max Players,,최대 인원 수,,
editor.window.label.game_setting.game.MinPlayerCount,Minimum Players Required,,최소 인원 수,,
editor.window.label.game_setting.game.RecruitmentTime,Recruitment Time,,인원 모집 시간,,
editor.window.label.game_setting_editor,Game Settings Editor,,게임 설정 편집,,
editor.window.label.game_setting_editor.WaitGameTime,Player Join Wait Time,,입장 대기 시간,,
editor.window.label.game_setting_language,Language,,언어,,
editor.window.label.game_setting_test_play_language,Test Play Language,,테스트 플레이 언어,,
editor.window.label.game_setting_editor.character_data,Character Data,,캐릭터 데이터,,
editor.window.label.game_setting_editor.character_list,Character List,,캐릭터 목록,,
editor.window.label.game_setting_editor.character_name,Character Name,,캐릭터 이름,,
editor.window.label.game_setting_editor.custom_member,Custom Variable,,커스텀 변수,,
editor.window.label.game_setting_editor.default_life_quantity,Default Life Count,,기본 하트 수,,
editor.window.label.game_setting_editor.default_star_quantity,Default Star Count,,기본 별 수량,,
editor.window.label.game_setting_editor.description,Description,,설명,,
editor.window.label.game_setting_editor.exchange_item,Exchange Item,,교환할 아이템,,
editor.window.label.game_setting_editor.game_result_scene,Game Result Scene,,결과 씬,,
editor.window.label.game_setting_editor.icon,Icon,,아이콘,,
editor.window.label.game_setting_editor.life,Life,,하트,,
editor.window.label.game_setting_editor.matching,Matching,,매칭,,
editor.window.label.game_setting_editor.max_move_speed,Max Movement Speed,,최대 이동 속도,,
editor.window.label.game_setting_editor.max_players,Max Players,,최대 인원,,
editor.window.label.game_setting_editor.max_total_life,Maximum Life,,최대 하트 수,,
editor.window.label.game_setting_editor.max_total_star,Maximum Star Count,,최대 별 수량,,
editor.window.label.game_setting_editor.min_players,Minimum Players,,최소 인원,,
editor.window.label.game_setting_editor.move_speed,Movement Speed,,이동 속도,,
editor.window.label.game_setting_editor.number_of_item,Number of Items,,아이템 개수,,
editor.window.label.game_setting_editor.number_of_stars,Number of Stars,,별 개수,,
editor.window.label.game_setting_editor.player_name,Player Name,,플레이어 이름,,
editor.window.label.game_setting_editor.pre_game_scene,Pre-Game Scene,,매칭 대기 씬,,
editor.window.label.game_setting_editor.pre_game_time,Pre-Game Time,,매칭 대기 시간,,
editor.window.label.game_setting_editor.preview,Preview,,미리보기,,
editor.window.label.game_setting_editor.preview_image,Preview Image,,미리보기 이미지,,
editor.window.label.game_setting_editor.recruitment_time,Recruitment Time,,모집 시간,,
editor.window.label.game_setting_editor.rotation_time,Rotation Time,,회전 시간,,
editor.window.label.game_setting_editor.scene,Scene,,씬,,
editor.window.label.game_setting_editor.show_life_on_hud,Show Life on HUD,,HUD에 이름 표시,,
editor.window.label.game_setting_editor.show_nameplate_on_hud,Show Nameplate on HUD,,HUD에 이름표 표시,,
editor.window.label.game_setting_editor.stage_list,Stage List,,스테이지 목록,,
editor.window.label.game_setting_editor.starcraft,StarCrafting System,,별 교환 시스템,,
editor.window.label.game_setting_editor.starcraft_data,StarCraft Data,,별 교환 ,,
editor.window.label.game_setting_editor.starcraft_item_setting,StarCraft Item Settings,,별 교환 아이템 설정,,
editor.window.label.game_setting_editor.starcrafting_system,StarCrafting System,,별 교환 시스템,,
editor.window.label.game_setting_editor.tab.character,Character,,캐릭터,,
editor.window.label.game_setting_editor.tab.costume,Costume,,의상,,
editor.window.label.game_setting_editor.variable_group,Variable Group,,변수 그룹,,
editor.window.label.LocalizationEditor,LOC Text Editor,,다국어 문자 에디터,,
editor.window.label.vstage,Stage,,스테이지,,
editor.window.label.vstage.mystage,My Stage,,내 스테이지,,
editor.window.label.vstage.stageinfo,Stage Info,,스테이지 정보,,
editor.window.label.newstage.start_from_new_stage,Start from New Stage,,새 스테이지로 만들기,,
editor.window.label.newscene.start_from_new_scene,Start from New Scene,,새 씬으로 만들기,,
editor.window.label.newscene.desc,Explore the basic structure of game creation through the template scene and create your own unique scene.,,템플릿 씬을 통해 게임 제작의 기본 구조를 살펴보고 자신만의 독창적인 씬을 만들어보세요.,,
editor.window.label.newstage,New Stage,,새 스테이지,,
editor.window.label.newstage.templatestage,Template Stage,,템플릿 스테이지,,
editor.window.label.newstage.basestage,Base Stage,,기본 스테이지,,
editor.window.label.vplayer,Player,,플레이어,,
editor.window.label.vplayer.characterlist,Character List,,캐릭터 목록,,
editor.window.label.vplayer.addcharacter,Add Character,,캐릭터 추가,,
editor.window.label.vgame,Vulcanus Game,,게임,,
editor.window.label.vgame.roundsetting,Round Settings,,라운드 설정,,
editor.window.label.vdata.OfficialContents,Official Content,,공식 콘텐츠,,
editor.common.menu.label.projectsettings,Project Settings,,프로젝트 설정,,
editor.window.label.projectsettings,Project Settings,,프로젝트 설정,,
editor.window.label.projectsettings.packagesettings,Package Settings,,패키지 설정,,
editor.window.label.projectsettings.GameFrameworkBundle,Game Framework Bundle,,게임프레임워크 번들,,
editor.window.option.game_setting_editor.additional_recruitment.allowed,Allowed,,허용,,
editor.window.option.game_setting_editor.additional_recruitment.forbidden,Forbidden,,금지,,
editor.window.uiplayercount.label.Fail,Eliminated,,탈락,,
editor.window.uiplayercount.label.Success,Success,,성공,,
editor.window.visualscript.button.addbranch,Add Branch,,Add Branch,,
editor.window.visualscript.button.addcondition,Add Condition,,Add Condition,,
editor.window.visualscript.button.addperformer,Add Performer,,Add Performer,,
editor.window.visualscript.button.addvariable,Add Variable,,Add Variable,,
editor.window.visualscript.button.variablecontainer,Variable Container,,Variable Container,,
editor.window.visualscript.button.createenum,Create Enum,,열거형을 만들기,,
editor.window.visualscript.button.createeventmodule,Create Event Module,,이벤트 모듈 만들기,,
editor.window.visualscript.button.createvaluebinder,Create Value Binder,,밸류 바인더 만들기,,
editor.window.visualscript.button.createluamodule,Create Lua Module,,루아 모듈 만들기,,
editor.window.vulcanusbuffeditor.personalproperty,Personal Property,,개별 설정,,
editor.window.vulcanusequipitemeditor.personalproperty,Personal Property,,개별 설정,,
instruction.button.add,Add,,추가,,
instruction.button.delete,Delete,,삭제,,
instruction.button.paste,Paste,,붙여넣기,,
instruction.option.event_type.broadcasting,Broadcasting,,브로드캐스팅,,
instruction.option.event_type.directevent,Direct Event,,직접 이벤트,,
instruction.option.event_type.keyevent,Key Event,,키 이벤트,,
instruction.option.event_type.none,None,,없음,,
instruction.property.label.compare_event_option,Compare Event Option,,이벤트 비교,,
instruction.property.label.event_name,Event Name,,이벤트 이름,,
instruction.property.label.root,Root,,루트,,
instruction.property.label.scope,Scope,,범위,,
instruction.property.label.target,Target,,대상,,
instruction.property.label.v_event_type,V Event Type,,이벤트 타입,,
editor.camera.label.camera_type,Camera Type,,카메라 타입,,
editor.camera.section.camera_data,Camera Data,,카메라 데이터,,
editor.camera.section.base_setting,Base Settings,,기본 설정,,
editor.camera.label.camera_rotation_x_speed,Camera Rotation X Speed,,카메라 X축 회전 속도,,
editor.camera.label.camera_rotation_y_speed,Camera Rotation Y Speed,,카메라 Y축 회전 속도,,
editor.camera.label.pitch,Camera Pitch,,피치,,
editor.camera.label.yaw,Camera Yaw,,요,,
editor.camera.label.zoom,Zoom,,줌,,
editor.camera.label.offset,Offset,,오프셋,,
editor.camera.label.fov,FOV,,시야각,,
editor.camera.checkbox.object_collide,Object Collision,,오브젝트 충돌,,
editor.camera.section.rig_setting,Rig Settings,,리그 설정,,
editor.camera.label.top_rig_height,Top Rig Height,,상단 리그 높이,,
editor.camera.label.top_rig_radius,Top Rig Radius,,상단 리그 반지름,,
editor.camera.label.middle_rig_height,Middle Rig Height,,중간 리그 높이,,
editor.camera.label.middle_rig_radius,Middle Rig Radius,,중간 리그 반지름,,
editor.camera.label.bottom_rig_height,Bottom Rig Height,,하단 리그 높이,,
editor.camera.label.bottom_rig_radius,Bottom Rig Radius,,하단 리그 반지름,,
editor.pathvo.label.path_options,Path Options,,경로 옵션,,
editor.pathvo.label.space,Space,,공간,,
editor.pathvo.label.control_mode,Control Mode,,컨트롤 모드,,
editor.pathvo.label.control_spacing,Control Spacing,,컨트롤 간격,,
editor.pathvo.label.closed_path,Closed Path,,폐쇄 경로,,
editor.pathvo.button.reset_path,Reset Path,,경로 초기화,,
editor.pathvo.label.global_modify_options,Global Modify Options,,전체 수정 옵션,,
editor.pathvo.label.global_flip,Global Flip,,전체 뒤집기,,
editor.pathvo.label.global_rotation,Global Rotation,,전체 회전,,
editor.pathvo.button.reset_modify,Reset Modifications,,수정 초기화,,
editor.pathvo.label.display_options,Display Options,,표시 옵션,,
editor.pathvo.checkbox.show_path_bounds,Show Path Bounds,,경로 경계 표시,,
editor.pathvo.checkbox.show_segment_bounds,Show Segment Bounds,,세그먼트 경계 표시,,
editor.pathvo.checkbox.show_anchor_points,Show Anchor Points,,앵커 포인트 표시,,
editor.pathvo.label.handle_scale,Handle Scale,,핸들 크기,,
editor.common.leaderboard,Leaderboard,,리더보드,,
editor.common.inmodshop,In-Game Products,,인게임 상품,,
editor.common.project,Project,,프로젝트,,
editor.window.button.game_setting_editor.leaderboard_data.activate,Activate,,활성화,,
editor.window.button.game_setting_editor.leaderboard_data.activated,Activated,,활성화됨,,
editor.window.button.game_setting_editor.leaderboard_data.show_preview,Show Preview,,미리보기 표시,,
editor.window.button.game_setting_editor.leaderboard_data.delete_leaderboard,Delete Leaderboard,,리더보드 삭제,,
editor.window.button.game_setting_editor.leaderboard_data.reload_last_publish_data,Reload Last Published Leaderboard,,최근 출판된 리더보드 불러오기,,
editor.window.label.game_setting_editor.leaderboard_data.leaderboard_info,Leaderboard Info,,리더보드 정보,,
editor.window.label.game_setting_editor.leaderboard_data.main_score_setting,Main Score Settings,,메인 스코어 설정,,
editor.window.label.game_setting_editor.leaderboard_data.sub_score_setting,Sub Score Settings,,서브 스코어 설정,,
editor.window.label.game_setting_editor.leaderboard_data.renewal_and_sign,Renewal and Sign,,갱신,,
editor.window.label.game_setting_editor.leaderboard_data.title,Leaderboard,,리더보드,,
editor.window.label.game_setting_editor.leaderboard_data.description,Manage Leaderboard,,리더보드 관리,,
editor.window.label.game_setting_editor.leaderboard_data.leaderboard_id,Leaderboard ID,,리더보드 ID,,
editor.window.label.game_setting_editor.leaderboard_data.leaderboard_title,Title,,타이틀,,
editor.window.label.game_setting_editor.leaderboard_data.leaderboard_title.placeholder,Enter the leaderboard name.,,리더보드 이름을 입력하세요.,,
editor.window.label.game_setting_editor.leaderboard_data.leaderboard_description,Description,,설명,,
editor.window.label.game_setting_editor.leaderboard_data.leaderboard_description.placeholder,Enter leaderboard information.,,리더보드 정보 입력,,
editor.window.label.game_setting_editor.leaderboard_data.main_score_name,Main Score Name,,메인 스코어 이름,,
editor.window.label.game_setting_editor.leaderboard_data.main_score_name.placeholder,Enter the main score name.,,메인 스코어의 이름을 입력하세요.,,
editor.window.label.game_setting_editor.leaderboard_data.main_score_type,Main Score Type,,메인 스코어 타입,,
editor.window.label.game_setting_editor.leaderboard_data.sub_score_name,Sub Score Name,,서브 스코어 이름,,
editor.window.label.game_setting_editor.leaderboard_data.sub_score_name.placeholder,Enter the sub score name.,,서브 스코어의 이름을 입력하세요.,,
editor.window.label.game_setting_editor.leaderboard_data.sub_score_type,Sub Score Type,,서브 스코어 타입,,
editor.window.label.game_setting_editor.leaderboard_data.score_update_type,Update Type,,업데이트 타입,,
editor.window.label.game_setting_editor.leaderboard_data.score_order_type,Sort Order,,타입 정렬,,
editor.window.label.game_setting_editor.leaderboard_data.delete_data_message,The leaderboard will be deleted. This action cannot be undone.,,리더보드를 삭제합니다. 복구가 불가능 합니다. ,,
editor.window.button.game_setting_editor.leaderboard_data.add_sub_score_data,Add Sub Score Data,,서브 스코어 데이터 추가,,
editor.window.label.game_setting_editor.leaderboard_data.empty_sub_score,No information available.,,정보가 없습니다.,,
editor.window.label.game_setting_editor.leaderboard_data.lift_sign,Lift Sign,,Lift Sign,,
editor.window.label.game_setting_editor.leaderboard_data.renewal_cycle,Renewal Cycle,,갱신 주기,,
editor.window.label.game_setting_editor.leaderboard_data.renewal_time,Renewal Time,,갱신 시간,,
editor.window.label.game_setting_editor.project.title,Project Information,,프로젝트 정보,,
editor.window.label.game_setting_editor.project.description,Manage Project ID,,프로젝트 ID 관리,,
editor.window.label.game_setting_editor.project.project_id,Project ID,,프로젝트 ID,,
editor.window.label.game_setting_editor.project.project_id_value_none,None,,없음,,
editor.window.button.game_setting_editor.project.create,Create,,생성,,
editor.window.button.game_setting_editor.project.delete,Delete,,삭제,,
editor.window.label.game_setting_editor.inmodshop.title,In-Game Products,,인게임 상품,,
editor.window.label.game_setting_editor.inmodshop.description,Create In-Game Products and set up your Shop. Refer to the guide to earn more revenue.,,"인게임 상품을 만들고, 상점을 개발해 보세요. 더 많은 수익을 얻기 위해 가이드를 참고하세요. ",,
editor.window.label.game_setting_editor.inmodshop.product_title,Product List,,상품 목록,,
editor.window.label.game_setting_editor.inmodshop.product_id,Product ID,,상품 아이디,,
editor.window.label.game_setting_editor.inmodshop.product_name,Name,,이름,,
editor.window.label.game_setting_editor.inmodshop.product_price,Price,,가격,,
editor.window.label.game_setting_editor.inmodshop.product_value,Set Active,,활성 여부,,
editor.window.label.game_setting_editor.inmodshop.placeholder,Create your product in the Creator Center.,,창작자 센터에서 당신의 상품을 만들어보세요.,,
editor.window.label.game_setting_editor.inmodshop.active,Active,,활성,,
editor.window.label.game_setting_editor.inmodshop.inactive,Inactive,,비활성,,
editor.window.button.game_setting_editor.inmodshop.create,Create Product,,상품 만들기,,
editor.window.button.game_setting_editor.inmodshop.item,Item,,아이템,,
editor.window.button.game_setting_editor.inmodshop.pass,Pass,,이용권,,
editor.window.label.game_setting_editor.datastore.title,Data Store,,데이터 스토어,,
editor.window.label.game_setting_editor.datastore.description,Data Store Information,,데이터  스토어 정보,,
editor.window.label.game_setting_editor.datastore.usage_storage,Used Storage,,사용된 공간,,
editor.window.label.game_setting_editor.datastore.total_usage,Total Size,,전체 크기,,
editor.window.label.game_setting_editor.datastore.of_data_store,Number of Data Stores,,데이터  스토어 개수,,
editor.window.label.game_setting_editor.datastore.of_key,Number of Keys,,키 개수,,
editor.window.label.game_setting_editor.datastore.dev,Development,,개발중,,
editor.window.label.game_setting_editor.datastore.live,Live,,라이브중,,
editor.window.button.game_setting_editor.datastore.manage,Manage Data Store,,데이터 스토어 관리,,
editor.window.label.input.system_actions,System Actions,,시스템 액션,,
editor.window.label.input.official_actions,Official Actions,,공식 액션,,
editor.window.label.input.additional_actions,Additional Actions,,추가 액션,,
editor.window.label.input.action_name,Action Name,,액션 이름,,
editor.window.label.input.action_type,Action Type,,액션 타입,,
editor.window.button.input.add_actions,Add Action,,액션 추가,,
editor.window.button.input.add_binding,Add Binding,,바인딩 추가,,
editor.window.label.game_setting_editor.use_with_project_id_message.leaderboard,"To use the leaderboard, you must create a Project ID.",,리더보드를 사용하기 위해서는 프로젝트ID 를 발급 받아야 합니다.,,
editor.window.label.game_setting_editor.use_with_project_id_message.inmodshop,"To use the In-Game Products, you must create a Project ID.",,인게임 상품을 사용하기 위해서는 프로젝트ID 를 발급 받아야 합니다.,,
editor.window.label.game_setting_editor.use_with_project_id_message.datastore,"To use the Data Store, you must create a Project ID.",,데이터스토어를 사용하기 위해서는 프로젝트ID 를 발급 받아야 합니다.,,
editor.ribbon.label.prefabmanage,Prefab Management,,프리팹 관리,,
editor.ribbon.button.preview_setting,Preview Settings,,"미리보기
설정",,
editor.window.label.preview_setting,Preview Settings,,미리보기 설정,,
editor.common.prefabSelect,Select Prefab,,선택,,
editor.common.prefabEdit,Edit Prefab,,프리팹 열기,,
editor.common.saveasprefab,Save as Prefab,,프리팹으로저장,,
editor.common.revertall,Revert All Changes,,수정사항  되돌리기,,
editor.common.applyall,Apply All,,모두 적용,,
editor.common.unpacking,Unpack,,언팩,,
editor.common.unpackingcompletely,Unpack Completely,,완전히 언팩,,
editor.common.emptyvulcanusobjectvo,World Object,,월드 오브젝트,,
editor.common.createvulcanusobject,World Object,,"월드
오브젝트",,
editor.common.foldervo,Folder,,폴더,,
editor.common.2dcontainer,2D Container,,2D 컨테이너,,
editor.common.3dcontainer,3D Container,,3D 컨테이너,,
editor.common.clientscriptvo,Client Script,,클라이언트 스크립트,,
editor.common.serverscriptvo,Server Script,,서버 스크립트,,
editor.common.itemvo,Item,,아이템,,
editor.common.maincameravo,Main Camera,,메인 카메라,,
editor.common.buffvo,Buff,,버프,,
editor.common.TargetIndicatorvo,Target Indicator,,타겟 인디케이터,,
editor.common.createvulcanusuiobject,UI Object,,"UI
오브젝트",,
editor.common.vulcanusuiobject,UI Object,,UI 오브젝트,,
editor.common.imagevo,Image,,이미지,,
editor.common.textvo,Text,,텍스트매쉬프로,,
editor.common.buttonvo,Button,,버튼,,
editor.common.popuppanelvo,Popup Panel,,팝업 패널,,
editor.common.togglebuttonvo,Toggle Button,,토글 버튼,,
editor.common.slidervo,Slider,,슬라이더,,
editor.common.createclientscript,Client Script,,클라이언트 스크립트,,
editor.common.createserverscript,Server Script,,서버 스크립트,,
editor.common.createluascript,Lua Script,,루아 스크립트,,
editor.common.topdowncamera,Top-Down Camera,,탑 다운 카메라,,
editor.common.thirdpersoncamera,Third-Person Camera,,3인칭 카메라,,
editor.common.Gamecameravo,Game Camera,,게임 카메라,,
editor.common.Freecameravo,Free Camera,,프리 카메라,,
editor.common.input,Input,,입력,,
editor.uivo.Nameplate,Nameplate,,네임 플레이트,,
editor.uivo.Joystick,Joystick,,조이스틱,,
editor.uivo.targetTacker,Target Tracker,,타겟 트래커,,
editor.common.joystick,Joystick,,조이스틱,,
editor.common.rawimage,Raw Image,,원본 이미지,,
editor.common.scrollbar,Scrollbar,,스크롤 바,,
editor.common.scrollview,Scroll View,,스크롤 뷰,,
editor.common.togglebutton,Toggle Button,,토글 버튼,,
editor.common.dropdown,Dropdown,,드롭 다운,,
editor.common.inputfield,Input Field,,입력 필드,,
editor.common.chat,Chat,,채팅,,
editor.common.text_chat,Text Chat,,텍스트 채팅,,
editor.component.seemore.reset,Reset,,초기화,,
editor.component.seemore.remove_component,Remove Component,,컴포넌트 제거,,
editor.component.seemore.moveup,Move Up,,위로 올리기,,
editor.component.seemore.movedown,Move Down,,아래로 내리기,,
editor.component.seemore.copy_component,Copy Component,,컴포넌트 복사,,
editor.component.seemore.paste_component_as_new,Paste Component as New,,새로운 컴포넌트로 붙여넣기,,
editor.component.seemore.paste_component_values,Paste Component Values,,컴포넌트 값 붙여널기,,
editor.component.seemore.find_reference_in_scene,Find References in Scene,,씬에서 레퍼런스 찾기,,
editor.window.inspector.notice.diff_component,Different Components,,서로 다른 컴포넌트 입니다.,,
editor.window.inspector.notice.multi_edit,This component does not support multi-editing.,,이 컴포넌트는 다중 편집을 지원하지 않습니다.,,
editor.window.about_vulcanus.contents.main,ZAMMYSMITH is a game editor that allows creators to create mod games. Creators can use ZAMMYSMITH to create and publish the mod games they want.,,재미스미스는 모드 게임을 제작할 수 있는 게임 에디터입니다. 창작자는 재미스미스로 자신이 원하는 모드 게임을 만들고 출판하여 서비스할 수 있습니다.,,
editor.window.about_vulcanus.creatorcenter,Creator Center,,창작자 센터,,
editor.window.about_vulcanus.privacypolicy,Privacy Policy,,개인정보처리방침,,
editor.common.menu.assetpreview,Asset Preview,,"애셋
미리보기",,
editor.window.Localize_Text_Window.Button.CSV_Import,Import CSV File,,CSV파일 가져오기,,
editor.window.Localize_Text_Window.Button.CSV_Export,Export as CSV File,,CSV파일로 내보내기,,
editor.window.label.unity-package-import,Importing Unity Package,,유니티 패키지 가져오기,,
editor.commoon.Importing-unity-package,Import Unity Package,,유니티 패키지 가져오기,,
// 이하 툴 팁, ,,,,
tooltip.component.material_property_binder.addProperties,Select Shader Option,,셰이더 옵션을 선택하세요,,
tooltip.editor.common.menu.assetpreview,Open the Asset Preview window.,,애셋 미리보기 창을 엽니다.,,
tooltip.editor.window.label.LocalizationEditor,Open the Localization Text Editor.,,로컬라이즈를 위한 텍스트 에디터를 엽니다.,,
tooltip.editor.common.create_empty_object,Create an empty object.,,빈 오브젝트를 만듭니다.,,
tooltip.editor.ribbon.button.preview_setting,Open the Preview Settings window.,,프리뷰 설정 윈도우를 엽니다.,,
tooltip.editor.common.debug,Select Debug Type,,디버그 방식 설정,,
tooltip.editor.common.PreviewScene,Preview the current scene.,,현재 씬을 미리보기 합니다.,,
tooltip.editor.common.GamePlay,Preview the game before publishing.,,출판할 게임을 미리 확인해보세요.,,
tooltip.editor.common.undo,Undo the previous action.,,이전 작업을 취소합니다.,,
tooltip.editor.common.redo,Redo the last undone action.,,취소한 작업을 다시 실행합니다.,,
tooltip.editor.common.save,Save changes.,,변경사항을 저장합니다.,,
tooltip.editor.common.stage,Open the Stage Settings window.,,스테이지 설정 윈도우를 엽니다.,,
tooltip.editor.common.copy,Copy the selected item.,,선택한 항목을 복사합니다.,,
tooltip.editor.common.paste,Paste the copied item.,,복사한 내용을 붙여넣기 합니다.,,
tooltip.editor.common.cut,Cut the selected item.,,선택한 항목을 잘라냅니다.,,
tooltip.editor.common.rename,Rename the selected item.,,선택한 항목의 이름을 변경합니다.,,
tooltip.editor.common.duplicate,Duplicate the selected item.,,선택한 항목을 복제합니다.,,
tooltip.editor.common.delete,Delete the selected item.,,선택한 항목을 삭제합니다.,,
tooltip.editor.tools.transform.select,Drag to move the screen.,,드래그해 화면을 이동합니다.,,
tooltip.editor.tools.transform.move,Move the object.,,객체를 이동합니다.,,
tooltip.editor.tools.transform.rotate,Rotate the object.,,객체를 회전시킵니다.,,
tooltip.editor.tools.transform.scale,Adjust the object size.,,객체 크기를 조절합니다.,,
tooltip.editor.tools.transform.rect,Use the rectangle selection tool.,,사각형 선택 도구를 사용합니다.,,
tooltip.editor.tools.focus,Focus on the object.,,객체에 포커스합니다.,,
tooltip.editor.tools.snap.snaptofloor,Snap the object to the floor.,,객체를 바닥에 붙입니다.,,
tooltip.editor.tools.snap.meshsnap,Snap the object to the mesh surface.,,객체를 메시 표면에 스냅합니다.,,
tooltip.editor.common.edit,Edit the device.,,장치를 편집합니다.,,
tooltip.editor.common.saveascustom,Save the device as custom.,,장치를 커스텀으로 저장합니다.,,
tooltip.editor.ribbon.label.createnewdevice,Create a new device.,,새 장치를 만듭니다.,,
tooltip.editor.common.menu.veditor.palette,Open the Palette window.,,팔레트 창을 엽니다.,,
tooltip.editor.common.menu.veditor.vscene,Open the Scene window.,,씬 창을 엽니다.,,
tooltip.editor.common.gimmick,Create a gimmick device.,,기믹 장치를 만듭니다.,,
tooltip.editor.common.common,Create a common device.,,일반 장치를 만듭니다.,,
tooltip.editor.common.basicshape,Create a basic shape.,,기본 도형을 만듭니다.,,
tooltip.editor.common.pause,Pause the game.,,게임을 일시정지합니다.,,
tooltip.editor.common.nextstep,Proceed to the next step.,,다음 단계를 진행합니다.,,
tooltip.editor.common.menu.veditor.vinspector,Open the Inspector window.,,인스펙터 창을 엽니다.,,
tooltip.editor.common.menu.veditor.event_chain_editor,Open the Event Chain Editor window.,,이벤트 체인 에디터 윈도우릉 엽니다.,,
tooltip.editor.common.player,Open the Player Settings window.,,플레이어 설정 윈도우를 엽니다.,,
tooltip.editor.common.game,Open the Game Settings window.,,게임 설정 윈도우를 엽니다.,,
tooltip.editor.common.data,Open the Data Settings window.,,데이터 설정 윈도우를 엽니다.,,
tooltip.editor.menu.label.publish,Open the Publish window.,,출판 윈도우를 엽니다.,,
tooltip.editor.common.propobject,Create a prop.,,프랍을 만듭니다.,,
tooltip.editor.common.luascript,Create a Lua script.,,루아 스크립트를 만듭니다.,,
tooltip.editor.common.instruction,Create an instruction.,,인스트럭션을 만듭니다.,,
tooltip.editor.common.trigger,Create a trigger.,,트리거를 만듭니다.,,
tooltip.editor.common.material,Create a material.,,머티리얼을 만듭니다.,,
tooltip.editor.ribbon.label.foldermanage,Manage folders.,,폴더를 관리합니다.,,
tooltip.editor.window.context.palette.create_folder,Create a new folder.,,새 폴더를 만듭니다.,,
tooltip.editor.window.button.palette.addfavorite,Add the item to favorites.,,항목을 즐겨찾기에 추가합니다.,,
tooltip.editor.tools.importpackage,Open the Import Package window.,,패키지 임포트 창을 엽니다.,,
tooltip.editor.tools.exportpackage,Open the Export Package window.,,패키지 익스포트 창을 엽니다.,,
tooltip.editor.tools.snap,Set Object Snap,,　,,
tooltip.editor.common.effect,Create an effect.,,이펙트를 만듭니다.,,
tooltip.editor.common.vobject,Create a VObject.,,V오브젝트를 만듭니다.,,
tooltip.editor.common.playerspawnpoint,Create a player spawn point.,,플레이어 스폰포인트를 만듭니다.,,
tooltip.editor.common.directorcamera,Create a director camera.,,디렉터 카메라를 만듭니다.,,
tooltip.editor.devicevo.pathobject,Create a path object.,,패스 오브젝트를 만듭니다.,,
tooltip.editor.devicevo.vtransform,Create a VTransform.,,V트랜스폼을 만듭니다.,,
tooltip.editor.common.unityobject,Create a Unity object.,,유니티 오브젝트를 만듭니다.,,
tooltip.editor.common.emptyunityobject,Create an empty Unity object.,,빈 유니티 오브젝트를 만듭니다.,,
tooltip.editor.common.variable,Create a variable.,,변수를 만듭니다.,,
tooltip.editor.window.visualscript.button.variablecontainer,Create a variable container.,,변수들을 담는 컨테이너를 만듭니다.,,
tooltip.editor.window.visualscript.button.createenum,Create an enum.,,열거형을 만듭니다.,,
tooltip.editor.window.visualscript.button.createeventmodule,Create an event module.,,이벤트 모듈을 만듭니다.,,
tooltip.editor.window.visualscript.button.createvaluebinder,Create a value binder.,,밸류 바인더를 만듭니다.,,
tooltip.editor.window.visualscript.button.createluamodule,Create a Lua module.,,루아 모듈을 만듭니다.,,
tooltip.editor.common.menu.veditor.selectlayout,Select a layout to load.,,불러올 레이아웃을 선택합니다.,,
tooltip.editor.common.menu.veditor.default,Load the default layout.,,기본 레이아웃을 불러옵니다.,,
tooltip.editor.common.menu.veditor.horizontal,Load the horizontal layout.,,가로형 레이아웃을 불러옵니다.,,
tooltip.editor.common.menu.veditor.vertical,Load the vertical layout.,,세로형 레이아웃을 불러옵니다,,
tooltip.editor.common.menu.editor.layout.2x3,Load the 2X3 layout.,,2X3 레이아웃을 불러옵니다,,
tooltip.editor.common.menu.editor.layout.4Split,Load the 4 Split layout.,,4분할 레이아웃을 불러옵니다,,
tooltip.editor.common.menu.editor.layout.save_layout,Save the current layout.,,현재 레이아웃을 저장합니다.,,
tooltip.editor.common.menu.editor.layout.load_layout,Load a custom layout.,,사용자 레이아웃을 불러옵니다.,,
tooltip.VHierarchy,Open the Hierarchy window.,,하이어라키 윈도우를 엽니다.,,
tooltip.editor.common.menu.veditor.vhierarchy,Open the Scene window.,,씬 윈도우를 엽니다.,,
tooltip.editor.common.menu.visualscriptdebugger,Open the Visual Script Debugger window.,,비주얼스크립트 디버거 윈도우를 엽니다.,,
tooltip.editor.common.menu.languagesetting,Open the Language Settings window.,,언어 설정 윈도우를 엽니다.,,
tooltip.editor.common.animation,Open the Animation window.,,애니메이션 윈도우를 엽니다.,,
tooltip.editor.common.menu.animator,Open the Animator window.,,애니메이터 윈도우를 엽니다.,,
tooltip.editor.common.menu.animationparametor,Open the Animation Parameters window.,,애니메이터 파라미터 윈도우를 엽니다.,,
tooltip.editor.toolbar.quickbind.label.quickbind,Enable Quick Bind mode.,,퀵 바인드 모드를 활성화 합니다.,,
tooltip.editor.common.prefabSelect,Select a prefab.,,프리팹을 선택합니다.,,
tooltip.editor.common.prefabEdit,Edit the prefab.,,프리팹을 편집합니다.,,
tooltip.editor.common.saveasprefab,Save as prefab.,,프리팹으로 저장합니다.,,
tooltip.editor.common.revertall,Revert all overrides.,,수정된 내용을 모두 되돌립니다.,,
tooltip.editor.common.applyall,Apply all overrides.,,수정된 내용을 모두 적용합니다.,,
tooltip.editor.common.unpacking,Unpack the Prefab.,,프리팹을 일반 오브젝트로 되돌립니다.,,
tooltip.editor.common.unpackingcompletely,Unpack all contents of the prefab.,,프리팹의 모든 오브젝트를 일반 오브젝트로 되돌립니다.,,
tooltip.editor.common.emptyvulcanusobjectvo,Create a world object.,,월드 오브젝트를 만듭니다.,,
tooltip.editor.common.createvulcanusobject,Create a world object.,,월드 오브젝트를 만듭니다.,,
tooltip.editor.common.foldervo,Create a folder.,,폴더를 만듭니다.,,
tooltip.editor.common.clientscriptvo,Create a client script.,,클라이언트 스크립트를 만듭니다.,,
tooltip.editor.common.serverscriptvo,Create a server script.,,서버 스크립트를 만듭니다.,,
tooltip.editor.common.itemvo,Create an item.,,아이템를 만듭니다.,,
tooltip.editor.common.maincameravo,Create the main camera.,,메인 카메라를 만듭니다.,,
tooltip.editor.common.buffvo,Create a buff.,,버프를 만듭니다.,,
tooltip.editor.common.TargetIndicatorvo,Create an indicator for player use.,,플레이어가 사용할 전용 인디케이터를 만듭니다.,,
tooltip.editor.common.createvulcanusuiobject,Create a UI object.,,UI 오브젝트를 만듭니다.,,
tooltip.editor.common.vulcanusuiobject,Create a UI object.,,UI 오브젝트를 만듭니다.,,
tooltip.editor.common.imagevo,Create an image.,,이미지를 만듭니다.,,
tooltip.editor.common.textvo,Create text.,,텍스트를 만듭니다.,,
tooltip.editor.common.buttonvo,Create a button.,,버튼를 만듭니다.,,
tooltip.editor.common.popuppanelvo,Create a pop-up panel.,,팝업 패널를 만듭니다.,,
tooltip.editor.common.togglebuttonvo,Create a toggle button.,,토글 버튼를 만듭니다.,,
tooltip.editor.common.slidervo,Create a slider.,,슬라이더를 만듭니다.,,
tooltip.editor.common.createclientscript,Create a client script object.,,클라이언트 스크립트 오브젝트를 만듭니다.,,
tooltip.editor.common.createserverscript,Create a server script object.,,서버 스크립트 오브젝트를 만듭니다.,,
tooltip.editor.common.topdowncamera,Create a top-down camera.,,탑 다운 카메라를 만듭니다.,,
tooltip.editor.common.thirdpersoncamera,Create a third-person camera.,,3인칭 카메라를 만듭니다.,,
tooltip.editor.common.Gamecameravo,Create a camera that follows the player character.,,플레이어 캐릭터를 따라다니는 카메라를 만듭니다.,,
tooltip.editor.common.Freecameravo,A camera that can be used freely without following the character.,,캐릭터를 따라가지 않고 자유롭게 사용할 수 있는 카메라입니다.,,
tooltip.editor.uivo.Nameplate,Create a nameplate.,,네임 플레이트를 만듭니다,,
tooltip.editor.uivo.Joystick,Create a joystick.,,조이스틱을 만급니다.,,
tooltip.editor.uivo.targetTacker,Create a Target Tracker UI.,,플레이어를 따라다니는 UI 를 만듭니다.,,
tooltip.editor.common.joystick,Create a joystick.,,조이스틱을 만듭니다.,,
tooltip.editor.common.rawimage,Create a raw image.,,원본 이미지를 만듭니다.,,
tooltip.editor.common.scrollbar,Create a scroll bar.,,스크롤 바를 만듭니다.,,
tooltip.editor.common.scrollview,Create a scroll view.,,스크롤 뷰를 만듭니다.,,
tooltip.editor.common.togglebutton,Create a toggle button.,,토글 버튼를 만듭니다.,,
tooltip.editor.common.dropdown,Create a dropdown.,,드롭 다운을 만듭니다.,,
tooltip.editor.common.inputfield,Create an input field.,,입력 필드를 만듭니다.,,
tooltip.editor.common.createluascript,Create a Lua script asset.,,루아 스크립트 애셋을 만듭니다.,,
tooltip.editor.common.create-new-scene,Select a template scene to create a new scene.,,템플릿 씬을 선택해 새 씬을 만들어보세요.,,
tooltip.editor.common.create-2d-container,Create a 2D container.,,2D 컨테이너를 만듭니다.,,
tooltip.editor.common.create-3d-container,Create a 3D container.,,3D 컨테이너를 만듭니다.,,
tooltip.addinfo.saveascustom,"Official assets cannot be edited to maintain template compatibility.
If modifications are needed, place them in the scene or use ""Save as Custom.""",,"템플릿 호환성 유지를 위해 공식 애셋은 편집이 불가능합니다.
수정이 필요한 경우 씬에 배치해 사용하거나 
 ‘Save as Custom’을 통해 사용하세요.",,
tooltip.addinfo.addcomponent,"Functions in the editor are provided in units called Components.
Special features provided by the editor can be found under the Vulcanus section.",,"에디터에서 기능은 Component 단위로 제공됩니다. 
에디터에서 제공되는 전용 기능들은 ZAMMYSMITH 항목에서 찾을 수 있습니다. ",,
tooltip.addinfo.service,"Items that are essential for game creation and must function reliably are grouped separately under Service.
Service is automatically created when the first Stage is generated and cannot be added or removed.",,"게임을 만들기 위해 반드시 필요하며 기능이 보장되어야 하는 항목들은 Service에 따로 묶어 제공합니다.
Service는 최초 Stage가 생성할 때 자동 생성되며 추가 또는 삭제가 불가능합니다.",,
tooltip.addinfo.uiedit,"This feature allows you to edit the UI more conveniently.
Click to switch to 2D view. Click again to return to the original view.",,"UI를 보다 편리하게 편집할 수 있도록 제공하는 기능입니다.
클릭 시 화면은 2D 뷰로 전환됩니다. 다시 한번 클릭하면 원래대로 돌아옵니다.",,
tooltip.addinfo.world,This is the area where 3D objects visible in the world (scene) are displayed.,,월드(씬)에서 보여지는 3D 오브젝트들이 표시되는 영역입니다.,,
tooltip.addinfo.official,"Official assets provided by the editor are available here.
These assets cannot be modified. If needed, duplicate them as custom resources using ""Save as Custom.""",,"에디터에서 공식적으로 제공되는 애셋들은 여기를 통해 제공됩니다. 
이 애셋들은 수정할 수 없습니다. 필요한 경우 ""Save as Custom""을 통해 커스팀 리소스로 복제해 사용해야 합니다.",,
tooltip.addinfo.custom,User-created and saved assets are managed here.,,사용자들이 만들어 저장하는 애셋들은 여기를 통해 관리됩니다.,,
tooltip.import-warning.samefile,A file with the same name already exists in the project. Importing this file will overwrite the existing file with a new one that has a different GUID.,,동일한 이름을 가진 파일이 이미 프로젝트에 존재합니다. 이 파일을 Import 하면 기존 파일을 다른 GUID를 가진 새 파일로 덮어씁니다.,,
tooltip.editor.menu.datamanager,Open Data Manager Window,,데이터 매니터 창을 엽니다,,
tooltip-toggle-object-visibility,Toggle Object Visibility,,오브젝트 표시 여부 토글,,
tooltip-toggle-selectability,Toggle Selectability,,오브젝트 선택 가능 여부 토글,,
tooltip-gizmo-visibility,Toggle Gizmo Visibility,,기즈모 표시 여부 토글,,
tooltip.editor.common.script,Script,,스크립트,,
tooltip.editor.menu.label.project_setting,Open Project Settings Window,,프로젝트 설정 창을 엽니다.,,
tooltip.editor.Thridperson.Camera.controller,"Activated it switches to the Third Person Camera view.
(Lua Class : BackViewController)",,"활성화 시 Third Person Camera 시점으로 전환됩니다.
(Lua Class : BackViewController)",,
tooltip.editor.Topdown.Camera.controller,"Activated it switches to the Topdown Camera view.
(Lua Class : TopViewController)",,"활성화 시 Topdown Camera 시점으로 전환됩니다.
(Lua Class : TopViewController)",,
tooltip.editor.Free.Camera.controller,"Activated it switches to the Free Camera view.
(Lua Class : FreeViewController)",,"활성화 시 Free Camera 시점으로 전환됩니다.
(Lua Class : FreeViewController)",,
// 이하 팝업 메시지, ,,,,
popup.notice.resource_protected,This resource is protected and cannot be accessed.,,이 리소스는 보호되어 있어 접근할 수 없습니다.,,
popup.notice.languagechange,The editor will restart after changing the language. Do you want to proceed?,,언어를 변경하면 에디터가 재실행됩니다. 변경 하시겠습니까?,,
popup.notice.languagedatadelete,All data entered in the selected language will be deleted. This action cannot be undone. Do you want to proceed?,,선택한 언어로 입력한 데이터가 모두 삭제됩니다. 이 작업은 되돌릴 수 없습니다. 진행하시겠습니까?,,
popup.importerrorwindow,Import Error,,임포트 에러,,
popup.notice.importerror,Some files were not imported. The files below are in an unsupported format.,,일부 파일이 임포트되지 않았습니다. 아래는 지원하지 않는 형식의 파일입니다.,,
popup.notice.prefab_child_edit,Child objects of a prefab cannot change their parent in the scene. Edit the prefab or unpack it.,,Prefab의 자식 오브젝트는 씬에서 부모 오브젝트를 변경할 수 없습니다. Prefab을 편집하거나 Unpack해야 합니다. ,,
popup.notice.official_edit_prohibition,"Official resources cannot be modified to protect the original. If modifications are needed, use ""Save as Custom.""",,원본 보호를 위해 공식 리소스는 수정할 수 없습니다. 수정이 필요한 경우 Save as Custom 하세요.,,
popup.window.official_edit_prohibition,Official Resource Modification Detected,,공식 리소스 수정 감지,,
popup.notice.parent_child_error_header,Parent-Child Relationship Error,,부모-자식 관계 오류,,
popup.notice.parent_child_error_main,Cannot have the following object as a child.,,는 아래의 대상을 자식으로 가질 수 없습니다.,,
popup.notice.cyclic_nest_prefab_error_header,Cyclic Prefab Nesting Not Supported,,순환 프리팹 네스팅 미지원,,
popup.notice.cyclic_nest_prefab_error_main,Placing it here will result in cyclic Prefab nesting. Cyclic Prefab nesting is not supported.,,여기에 넣으면 순환 프리팹 네스팅이 발생합니다. 순환 프리팹 네스팅은 지원되지 않습니다.,,
popup.notice.delete.asset_error_title,Delete the selected asset?,,선택한 항목을 삭제 하시겠습니까?,,
popup.notice.delete.asset_error_main,This action cannot be undone.,,삭제한 후에는 복구 할 수 없습니다.,,
popup.notice.delete.asset_error_button_delete,Delete,,삭제,,
popup.notice.delete.asset_error_button_cancel,Cancel,,취소,,
popup.notice.addcamera_asset_error_title,Game Camera Installation Error,,게임 카메라 설치 오류,,
popup.notice.addcamera_asset_error_Main,A Game Camera is already installed in the Hierarchy. Only one Game Camera can be installed.,,Hierarchy에 이미 게임 카메라가 설치되어 있습니다. 게임 카메라는 하나만 설치할 수 있습니다.,,
popup.notice.lua_asset_reference_error_title,Lua Script Reference Error,,루아 스크립트 참조 에러,,
popup.notice.lua_asset_reference_error_main,Script assets cannot be referenced directly. Use a scene object instead.,,스크립트 애셋을 직접 연결할 수 없습니다. 씬 오브젝트로 사용해야 합니다.,,
popup.notice.charactername_error_title,Invalid Character Name,,캐릭터 이름 입력 오류,,
popup.notice.charactername_error_main,"The character name cannot contain the following characters
(/ \ : * ? """" < > |)",,"캐릭터 이름에는 다음 문자를 사용할 수 없습니다.
(/ \ : * ? """" < > |)",,
popup.notice.restructure_original_prefab_instance_title,Cannot restructure Prefab instance,,프리팹 인스턴스를 재구조화할 수 없음,,
popup.notice.restructure_original_prefab_instance_body,"Children of a Prefab instance cannot be moved, and components cannot be reordered.
You can open the Prefab in Prefab Mode to restructure the Prefab Asset itself, or unpack the Prefab instance to remove its Prefab connection.",,"프리팹의 인스턴스 자식 상속자를 이동할 수 없으며, 컴포넌트의 순서를 변경할 수 없습니다. 

프리팹 모드에서 프리팹을 열어 에셋을 수정하거나, 프리팹 인스턴스를 언팩해 연결을 해제할 수 있습니다.",,
editor.previewsetting.testcontroltype,Test Control Type,,테스트시 조작 방식 설정,,
editor.previewsetting.inputsimulationmode,Input Simulation Mode,,입력 방식 시뮬레이션,,
editor.previewsetting.pc,PC,,PC,,
editor.previewsetting.mobile,Mobile,,모바일,,
editor.previewsetting.showhotkeyguide,Show Hotkey Guide,,핫키 가이드 표시,,
editor.previewsetting.hidehotkeyguide,Hide Hotkey Guide,,핫키 가이드 숨김,,
editor.previewsetting.disablemousecusorlock,Disable Mouse Cursor Lock,,마우스 커서 잠금 비활성,,
editor.previewsetting.enablemousecursorlock,Enable Mouse Cursor Lock (Toggle to Esc),,마우스 커서 잠금 활성 (Esc로 토글),,
editor.previewsetting.hotkeyguide,Hotkey Guide,,핫키 가이드,,
editor.previewsetting.mousecursorlock,Mouse Cursor Lock,,마우스 커서 잠금,,
editor.window.label.input.input_setting,Input Setting,,인풋 설정,,
editor.window.label.input.ignore_lock,Ignore Lock,,잠금 무시,,
editor.window.leaderboard.schema_change_warning,The leaderboard is already published. Changes will reset it.,,현재 리더보드의 출판을 시도한 적이 있습니다. 이 데이터를 변경하면 리더보드가 초기화 될 수 있습니다. ,,
editor.common.change,Change,,변경 하기,,
editor.inputsetting.bindingname,Binding Name,,바인딩 네임,,
editor.inputsetting.path,Path,,패스,,
popup.notice.project_id_missing_main,"An unknown project ID.
It may be a project registered under another account, or a project that was deleted in the Creator Center. You can continue editing after removing the project ID.",,"알수 없는 Project ID.
다른 계정에서 등록한 프로젝트이거나 창작자센터에서 삭제한 프로젝트 입니다.
프로젝트 ID를 삭제한후 편집을 계속 할 수 있습니다.",,
popup.notice.project_id_missing_delete,Delete Project ID,,프로젝트 ID 삭제,,
popup.notice.project_id_missing_close,Close Project,,프로젝트 닫기,,
